{"0":{"Allstate":0.0,"Geico":0.0327380952,"Progressive":0.0},"1":{"Allstate":0.0297619048,"Geico":0.0386904762,"Progressive":0.1339285714},"10":{"Allstate":0.0,"Geico":0.0406746032,"Progressive":0.0},"11":{"Allstate":0.0,"Geico":0.0,"Progressive":0.0545634921},"12":{"Allstate":0.3224206349,"Geico":0.0277777778,"Progressive":0.0188492063},"13":{"Allstate":0.0376984127,"Geico":0.1746031746,"Progressive":0.185515873},"14":{"Allstate":0.0,"Geico":0.0634920635,"Progressive":0.0},"15":{"Allstate":0.0,"Geico":0.0496031746,"Progressive":0.0},"16":{"Allstate":0.0,"Geico":0.0496031746,"Progressive":0.0},"17":{"Allstate":0.001984127,"Geico":0.0029761905,"Progressive":0.1587301587},"18":{"Allstate":0.0,"Geico":0.0496031746,"Progressive":0.0},"19":{"Allstate":0.0,"Geico":0.0267857143,"Progressive":0.0},"2":{"Allstate":0.1329365079,"Geico":0.0634920635,"Progressive":0.1071428571},"3":{"Allstate":0.1577380952,"Geico":0.003968254,"Progressive":0.0109126984},"4":{"Allstate":0.2886904762,"Geico":0.0009920635,"Progressive":0.0079365079},"5":{"Allstate":0.0089285714,"Geico":0.0029761905,"Progressive":0.1517857143},"6":{"Allstate":0.0198412698,"Geico":0.0962301587,"Progressive":0.1706349206},"7":{"Allstate":0.0,"Geico":0.0525793651,"Progressive":0.0},"8":{"Allstate":0.0,"Geico":0.181547619,"Progressive":0.0},"9":{"Allstate":0.0,"Geico":0.0416666667,"Progressive":0.0}}